City,Y,X,CENSUS2010POP,POPESTIMATE2017,NETMIG2010,NETMIG2011,NETMIG2012,NETMIG2013,NETMIG2014,NETMIG2015,NETMIG2016,NETMIG2017,LANDAREA,TRIPS
"New York-Newark-Jersey City, NY-NJ-PA",40.7127837,-74.0059413,19567410,20320876,6065,46059,20448,18908,-6889,-17606,-40467,-48021,6686.89994,4278354354
"Los Angeles-Long Beach-Anaheim, CA",34.0522342,-118.2436849,12828837,13353907,-10410,3266,12391,2382,-12778,-12708,-29516,-46586,4848.451318,678864687.3
"Chicago-Naperville-Elgin, IL-IN-WI",41.8781136,-87.6297982,9461105,9533040,-6156,-31044,-26070,-27478,-39048,-52613,-57036,-56875,7196.805145,647380752.3
"Dallas-Fort Worth-Arlington, TX",32.7801399,-96.8004511,6426214,7399662,10475,60959,76250,54959,75854,92414,95048,89627,8927.502144,78448549.2
"Houston-The Woodlands-Sugar Land, TX",29.7601927,-95.3693896,5920416,6892427,12854,51510,67710,87927,105427,104241,70999,32722,8827.487817,84644385.2
"Philadelphia-Camden-Wilmington, PA-NJ-DE-MD",39.952335,-75.163789,5965343,6096120,319,4509,3854,-2369,-841,-3402,-4289,5120,4602.101334,371403857.4
"Washington-Arlington-Alexandria, DC-VA-MD-WV",38.9071923,-77.0368707,5636232,6216589,16565,61047,46558,42501,17839,13927,14114,23217,5598.31968,476298853.2
"Miami-Fort Lauderdale-West Palm Beach, FL",25.7890972,-80.2040435,5564635,6158824,13645,91700,63768,63194,58767,62024,62399,34647,5077.264172,171636611.3
"Atlanta-Sandy Springs-Roswell, GA",33.7489954,-84.3879824,5286728,5884736,5857,27727,37094,27863,49760,59559,57377,53739,8338.541068,139697135.5
"Boston-Cambridge-Newton, MA-NH",42.3584308,-71.0597732,4552402,4836531,7563,26497,27749,30561,25866,19893,15996,16890,#N/A,401825313.4
"San Francisco-Oakland-Hayward, CA",37.7749295,-122.4194155,4335391,4727357,3319,31203,41127,42506,43618,39288,20630,8595,#N/A,442989704.5
"Phoenix-Mesa-Scottsdale, AZ",33.4483771,-112.0740373,4192887,4737270,3771,13726,43150,39314,50181,58202,65193,63359,#N/A,74809500
"Riverside-San Bernardino-Ontario, CA",33.9533487,-117.3961564,4224851,4580670,9678,19433,9794,4160,14970,14634,21478,28037,27263.41827,25441313.1
"Detroit-Warren-Dearborn, MI",42.331427,-83.0457538,4296250,4313002,-8683,-13341,-3737,-6602,-5973,-9239,-5416,-1649,#N/A,42106116.5
"Seattle-Tacoma-Bellevue, WA",47.6062095,-122.3320708,3439809,3867046,2296,27230,32969,36027,33862,39500,52000,42466,5872.347819,201586242
"Minneapolis-St. Paul-Bloomington, MN-WI",44.983334,-93.26667,3348859,3600618,-190,10024,9758,12937,11138,5819,13296,21202,6027.170408,94830454.5
"San Diego-Carlsbad, CA",32.715738,-117.1610838,3095313,3337685,2728,11360,16507,14072,16393,9831,5730,-339,#N/A,103950113.4
"Tampa-St. Petersburg-Clearwater, FL",27.950575,-82.4571776,2783243,3091399,4661,37174,15392,23839,41147,54777,61746,54321,2513.437127,30874439.1
"St. Louis, MO-IL",38.6270025,-90.1994042,2787701,2807338,-708,-5980,-7086,-4639,-4395,-3809,-7481,-5796,8623.241572,50442701.4
"Baltimore-Columbia-Towson, MD",39.2903848,-76.6121893,2710489,2808175,2193,8349,10543,5765,2727,527,-2707,-870,#N/A,106258760.4
"Denver-Aurora-Lakewood, CO",39.737567,-104.9847179,2543482,2888227,5475,25249,27837,31454,34154,39033,27177,19015,#N/A,101540221.5
"Pittsburgh, PA",40.4406248,-79.9958864,2356285,2333367,1069,6439,3922,3380,-262,-3164,-4207,-4274,5281.476279,65578388.4
"Charlotte-Concord-Gastonia, NC-SC",35.2270869,-80.8431267,2217012,2525305,2845,19873,24387,28149,29769,35455,39005,37381,#N/A,27328860.9
"Portland-Vancouver-Hillsboro, OR-WA",45.5234515,-122.6762071,2226009,2453168,2478,14755,14534,12755,21692,28836,30612,19719,6683.747226,111832496
"San Antonio-New Braunfels, TX",29.4241219,-98.4936282,2142508,2473974,6259,23974,26330,27570,31306,33445,30689,31064,7312.643345,45526302.4
"Orlando-Kissimmee-Sanford, FL",28.5383355,-81.3792365,2134411,2509831,2211,25621,38499,33249,43621,51341,51288,45528,3478.484047,29981259
"Sacramento--Roseville--Arden-Arcade, CA",38.5815719,-121.4943996,2149127,2324884,1693,7650,7646,9852,14769,17210,19392,20610,#N/A,35351066
"Cincinnati, OH-KY-IN",39.1031182,-84.5120196,2114580,2179082,270,-4060,-3024,-699,2167,1675,3088,5826,#N/A,20949491.2
"Cleveland-Elyria, OH",41.49932,-81.6943605,2077240,2058844,-2466,-9170,-6134,-380,-2323,-5318,-4363,-2963,#N/A,50023815.8
"Kansas City, MO-KS",39.0997265,-94.5785667,2009342,2128912,969,-258,2145,4693,4491,5238,10519,12103,7827.343781,16812421.6
"Las Vegas-Henderson-Paradise, NV",36.1699412,-115.1398296,1951269,2204079,-1595,540,17338,17878,26596,33276,35485,36635,#N/A,65564532.3
"Columbus, OH",39.9611755,-82.9987942,1901974,2078725,1183,7811,8218,12109,14673,13085,11685,19912,3967.20137,17530262.5
"Indianapolis-Carmel-Anderson, IN",39.768403,-86.158068,1887877,2028614,1337,6045,7436,13504,6548,5569,8296,12366,#N/A,10572290.4
"San Jose-Sunnyvale-Santa Clara, CA",37.3393857,-121.8949555,1836911,1998463,1311,12636,14452,14824,11804,9337,530,-4982,2678.810007,44488119.2
"Austin-Round Rock, TX",30.267153,-97.7430608,1716289,2115827,6516,35350,36630,32107,40815,40823,43116,38305,#N/A,34927448.4
"Nashville-Davidson--Murfreesboro--Franklin, TN",36.166667,-86.783333,1670890,1903045,2219,12442,18811,21472,24390,26304,29455,24218,5688.65157,9926918.1
"Virginia Beach-Norfolk-Newport News, VA-NC",36.8529263,-75.977985,1676822,1725246,548,-3240,678,-887,198,-3352,-5998,-5244,2629.589925,2530483.2
"Providence-Warwick, RI-MA",41.8239891,-71.4128343,1600852,1621122,289,-2782,43,-246,3556,2098,1239,3793,#N/A,23822297.2
"Milwaukee-Waukesha-West Allis, WI",43.0389025,-87.9064736,1555908,1576236,-1175,-2017,-1039,-2584,-3485,-5140,-6573,-5946,1454.755628,44424698.7
"Jacksonville, FL",30.3321838,-81.655651,1345596,1504980,1728,6373,9890,10471,17260,22201,24746,22964,3201.077718,12661423.2
"Memphis, TN-MS-AR",35.1495343,-90.0489801,1324829,1348260,-513,-1877,-550,-6731,-6173,-6127,-4769,-3260,4577.850381,10255658.5
"Oklahoma City, OK",35.4675602,-97.5164276,1252987,1383737,2481,10637,12894,14428,8860,12653,9018,3847,5511.557042,2950797.3
"Louisville/Jefferson County, KY-IN",38.2526647,-85.7584557,1235708,1293953,766,2516,3686,7316,3912,3751,3452,5395,4110.862524,15513295.6
"Richmond, VA",37.5407246,-77.4360481,1208101,1294204,614,4283,8909,7895,8267,6995,7564,7616,5684.961739,9015094.5
"New Orleans-Metairie, LA",29.9510658,-90.0715323,1189866,1275762,3955,12448,8860,8622,4948,6325,2595,-9,#N/A,23974913.2
"Hartford-West Hartford-East Hartford, CT",41.7637111,-72.6850932,1212381,1210259,1324,729,-3074,-613,-3367,-3835,-3980,-866,1514.611857,18139252.2
"Raleigh, NC",35.7795897,-78.6381787,1130490,1335079,4175,16316,16467,16884,18924,21655,23440,21750,#N/A,6761944.8
"Salt Lake City, UT",40.7607793,-111.8910474,1087873,1203105,230,3137,4499,4572,-901,2852,7276,5511,9555.345254,44523996.2
"Birmingham-Hoover, AL",33.5206608,-86.80249,1128047,1149807,-201,-1846,-592,2076,138,762,-158,807,5279.513091,3312641.2
"Buffalo-Cheektowaga-Niagara Falls, NY",42.8864468,-78.8783689,1135509,1136856,-34,647,-548,1344,994,-1367,-1821,1757,#N/A,26964306.9
"Rochester, NY",43.16103,-77.6109219,1079671,1077948,-62,-377,-1511,-1190,-3041,-4054,-3753,-1946,2928.119204,18322386.5
"Grand Rapids-Wyoming, MI",42.9633599,-85.6680863,988938,1059113,-1351,1452,4217,5223,4541,3656,3967,4450,2784.547514,12518074
"Tucson, AZ",32.2217429,-110.926479,980263,1022769,505,2419,1270,190,3098,1956,5436,8636,9187.035592,20703922.8
"Urban Honolulu, HI",21.3008204,-157.8626016,953207,988650,1406,3760,3523,3043,-2306,-980,-5968,-8634,#N/A,
"Tulsa, OK",36.1539816,-95.992775,937478,990706,981,1152,2320,5700,3453,6862,3394,-467,6269.236623,3224472
"Fresno, CA",36.7468422,-119.7725868,930450,989255,-574,-2159,-3180,-2232,-55,92,-1105,1642,5957.991468,11615583.3
"Bridgeport-Stamford-Norwalk, CT",41.1865478,-73.1951767,916829,949921,1750,5846,3137,3190,136,-1841,-2164,-2472,624.8895505,12292018.2
"Worcester, MA-CT",42.2625932,-71.8022934,916980,942475,1293,1140,-11,1804,1644,1435,160,4101,#N/A,3799035
"Albuquerque, NM",35.110703,-106.609991,887077,910726,1170,2854,-771,-2129,-3399,-1585,806,1362,9282.498406,14452179
"Omaha-Council Bluffs, NE-IA",41.2523634,-95.9979883,865350,933316,929,1915,1990,3160,2530,3499,3029,2596,4349.64749,4331869.2
"Albany-Schenectady-Troy, NY",42.6525793,-73.7562317,870716,886188,-106,658,1012,1672,-29,312,166,2535,2811.554491,16349533.2
"Bakersfield, CA",35.3732921,-119.0187125,839631,893119,-659,-1324,-2555,69,-509,-476,-2310,450,#N/A,6003446.1
"New Haven-Milford, CT",41.308274,-72.9278835,862477,860435,713,-568,-848,-2126,-1815,-3537,-2508,-564,604.5059267,9813317.5
"Knoxville, TN",35.9606384,-83.9207392,837571,877104,724,3558,3454,3851,4272,4750,7202,8885,1856.847974,3451110
"Greenville-Anderson-Mauldin, SC",34.8526176,-82.3940104,824112,895923,769,5006,5009,5306,9117,9493,9688,9026,#N/A,936845.2
"Oxnard-Thousand Oaks-Ventura, CA",34.1975048,-119.1770516,823318,854223,505,-184,-1340,-73,-351,-503,-1996,-739,1843.132821,16923303.5
"El Paso, TX",31.7775757,-106.4424559,804123,844818,732,6634,2720,-10030,-5491,-8992,-3101,-4301,1012.693072,
"Allentown-Bethlehem-Easton, PA-NJ",40.6084305,-75.4901833,821173,840550,567,2252,732,-532,2336,2408,2669,4789,1453.21502,
"Baton Rouge, LA",30.4582829,-91.1403196,802484,834159,688,-1062,741,1495,1176,539,1566,-5540,4026.9165,
"McAllen-Edinburg-Mission, TX",26.2034071,-98.2300124,774769,860661,1354,2926,-283,-1651,-340,-1240,-1123,-621,1570.865104,
"Dayton, OH",39.7589478,-84.1916069,799232,803416,-189,-407,-944,-2104,-1731,-2037,470,1308,1705.98265,
"Columbia, SC",34.0007104,-81.0348144,767598,825033,1306,3317,3683,4957,5092,7370,5546,5047,3702.749812,5654081
"Greensboro-High Point, NC",36.0726354,-79.7919754,723801,761184,621,2821,3123,3138,3819,3460,2876,3134,1993.77204,
"North Port-Sarasota-Bradenton, FL",27.044224,-82.2359254,702281,804690,1649,8586,12767,13947,17782,22464,23661,19678,#N/A,
"Little Rock-North Little Rock-Conway, AR",34.7464809,-92.2895948,699757,738344,1523,3997,3054,2452,1518,-395,496,1902,4085.19045,
"Charleston-North Charleston, SC",32.7764749,-79.9310512,664607,775831,1730,9426,11185,10240,10998,13894,13292,10290,#N/A,
"Akron, OH",41.0814447,-81.5190053,703200,703505,-498,-741,-1537,539,475,-835,-1187,770,900.1291693,7043361.2
"Stockton-Lodi, CA",37.9577016,-121.2907796,685306,745424,594,2085,849,-2309,5248,6177,5923,6548,#N/A,
"Colorado Springs, CO",38.8338816,-104.8213634,645613,723878,3070,3997,3033,3834,2859,5305,9848,8005,2683.856785,3007227.6
"Syracuse, NY",43.0481221,-76.1474244,662577,654841,-43,-1875,-3014,-70,-2482,-2957,-4075,-3201,2384.881502,10357740.9
"Cape Coral-Fort Myers, FL",26.5628537,-81.9495331,618754,739224,1649,10302,12945,15462,17415,21861,22498,17174,784.5129974,
"Winston-Salem, NC",36.1039642,-80.254435,640595,667733,251,1704,1021,2049,2247,2482,3761,5040,1455.939225,
"Boise City, ID",43.6187102,-116.2146068,616561,709845,64,4799,5647,7542,9205,7508,12414,14880,#N/A,
"Wichita, KS",37.688889,-97.336111,630919,645628,-184,-2849,-947,-1622,-1117,-519,-1049,-2048,4149.070513,15012935
"Madison, WI",43.0730517,-89.4012302,605435,654230,319,3411,3297,3398,3229,3268,5014,3655,2725.348556,11771279.1
"Springfield, MA",42.1014831,-72.589811,621570,631652,1399,1498,-250,615,1259,-293,-390,540,1843.715072,
"Lakeland-Winter Haven, FL",28.0394654,-81.9498042,602095,686483,636,5555,4373,6280,10697,13454,16608,18397,1797.836831,
"Ogden-Clearfield, UT",41.223,-111.9738304,597159,665358,513,-1492,-645,2024,2599,2931,5281,5028,1484.058432,
"Toledo, OH",41.6639383,-83.555212,610001,603668,-565,-3090,-3241,-2008,-2921,-2687,-1662,-2301,1618.419079,3396116.1
"Deltona-Daytona Beach-Ormond Beach, FL",28.9005446,-81.2636738,590289,649202,660,3283,5036,7567,10720,15063,17173,14650,1101.031623,
"Des Moines-West Des Moines, IA",41.6005448,-93.6091064,569633,645911,1158,4814,4275,6048,6964,6169,7587,6619,2883.695071,
"Augusta-Richmond County, GA-SC",33.4734978,-82.0105148,564873,600151,1039,1761,2637,1472,1323,4266,3100,3256,3270.284394,
"Jackson, MS",32.2987573,-90.1848103,567122,578715,345,2106,-443,-1667,-1225,-2067,-1224,-2757,3726.139693,
"Provo-Orem, UT",40.2338438,-111.6585337,526810,617675,510,758,-600,1807,-235,2663,7934,5902,5395.731868,
"Scranton--Wilkes-Barre--Hazleton, PA",41.408969,-75.6624122,563631,555426,321,1303,1285,-456,-242,-969,-1109,1610,#N/A,
"Harrisburg-Carlisle, PA",40.2731911,-76.8867008,549475,571903,251,555,1638,1894,1498,2428,1427,2641,1621.950743,
"Youngstown-Warren-Boardman, OH-PA",41.0997803,-80.6495194,565773,541926,-617,-1292,-2337,-1331,-1613,-2573,-2964,-1330,1702.494495,
"Palm Bay-Melbourne-Titusville, FL",28.0344621,-80.5886646,543376,589162,834,1695,3907,5017,6771,12223,13133,13126,1015.664131,2908832
"Chattanooga, TN-GA",35.0456297,-85.3096801,528143,556548,665,3166,3382,2970,1203,2485,4012,3881,2088.968225,3067053.6
"Spokane-Spokane Valley, WA",47.6587802,-117.4260466,527753,564236,197,-442,415,1096,2956,4658,7776,8026,#N/A,11819698.1
"Durham-Chapel Hill, NC",35.9940329,-78.898619,504357,567428,1032,4007,5945,5292,5821,5761,5846,5982,1758.440045,15616665.4
"Lancaster, PA",40.0378755,-76.3055144,519445,542903,228,1063,597,1238,1129,598,417,1589,943.8102041,2206229.4
"Modesto, CA",37.6390972,-120.9968782,514453,547899,-205,-1330,-544,-339,1471,2034,2891,2826,1494.826574,3726164
"Portland-South Portland, ME",43.661471,-70.2553259,514098,532083,-522,1823,1471,1891,2773,2569,2867,3836,#N/A,3087285
"Santa Rosa, CA",38.440429,-122.7140548,483878,504217,509,1620,1780,3129,3572,1584,1041,-183,#N/A,3865840.8
"Fayetteville-Springdale-Rogers, AR-MO",36.0625795,-94.1574263,463204,537463,1012,6044,5206,5091,5692,7599,8120,8351,3163.059037,5322592
"Lexington-Fayette, KY",38.0405837,-84.5037164,472099,512650,545,2500,3100,2441,2185,4303,3653,3345,1468.497673,
"Lafayette, LA",30.2240897,-92.0198427,466750,491558,115,562,964,2686,2309,2030,-1233,-2626,1006.367167,11745247.8
"Lansing-East Lansing, MI",42.732535,-84.5555347,464036,477656,-399,45,-1124,-416,181,-9,1711,1818,1697.70306,
"Pensacola-Ferry Pass-Brent, FL",30.421309,-87.2169149,448991,487784,1430,2759,5064,4276,2402,4043,4751,5045,1668.065764,
"Visalia-Porterville, CA",36.3302284,-119.2920585,442179,464493,-323,-989,-1775,-2038,-1999,-2456,-2165,-645,4824.214695,
"Springfield, MO",37.2089572,-93.2922989,436712,462369,211,1141,2292,2554,1613,2470,1005,3036,3006.804065,
"Shreveport-Bossier City, LA",32.5251516,-93.7501789,439811,440933,761,1757,1047,-3248,-3750,-2377,-3628,-2972,2594.175011,6097939.1
"Corpus Christi, TX",27.8005828,-97.396381,428185,454008,-781,781,3419,3917,2264,2086,-594,-2383,1784.006776,
"York-Hanover, PA",39.9625984,-76.727745,434972,446078,181,55,-341,552,466,629,1188,1398,904.1814962,
"Port St. Lucie, FL",27.2730492,-80.3582261,424107,473429,1130,3291,4181,5216,7400,10485,11707,9822,1115.389825,8503247.2
"Reno, NV",39.5296329,-119.8138027,425417,464593,95,624,1862,2120,3916,4634,6473,6423,#N/A,
"Asheville, NC",35.5950581,-82.5514869,424858,456145,550,3016,2913,5148,4245,5275,6544,5659,2033.001466,
"Huntsville, AL",34.7303688,-86.5861037,417593,455448,1204,3875,3090,3956,3186,2752,3633,4988,1361.529418,7749867.8
"Santa Maria-Santa Barbara, CA",34.9530337,-120.4357191,423895,448150,-370,-1176,2039,2464,1940,519,-119,-615,#N/A,4039808.7
"Salinas, CA",36.6777372,-121.6555013,415057,437907,293,193,572,-1830,-2090,-1671,-159,-2176,3280.595407,
"Vallejo-Fairfield, CA",38.1040864,-122.2566367,413344,445458,229,322,1544,1993,3412,2732,3963,3490,821.7648881,
"Fort Wayne, IN",41.079273,-85.1393513,416257,434617,-170,435,-606,239,-54,522,30,993,1360.96463,
"Killeen-Temple, TX",31.1171194,-97.7277959,405300,443773,1526,-1361,6404,-4782,-2407,1369,-482,2290,#N/A,
"Brownsville-Harlingen, TX",25.9017472,-97.4974838,406220,423725,187,-119,-2568,-3226,-3046,-3894,-2211,-2356,890.9223309,6207862.5
"Flint, MI",43.0125274,-83.6874562,425790,407385,-1104,-4183,-4694,-3286,-3440,-2539,-1964,-1448,636.9773458,
"Mobile, AL",30.6953657,-88.0398912,412992,413955,-189,-1555,-1084,-784,-930,-1236,-854,-1885,1229.435458,
"Reading, PA",40.3356483,-75.9268747,411442,417854,120,-320,-548,-564,-547,-261,-365,1216,856.506495,
"Myrtle Beach-Conway-North Myrtle Beach, SC-NC",33.6890603,-78.8866943,376722,464165,1551,6853,7418,10250,11998,15200,16971,16953,#N/A,
"Beaumont-Port Arthur, TX",30.080174,-94.1265562,403190,412437,18,378,-2943,226,-989,1434,663,113,2100.531119,
"Manchester-Nashua, NH",42.9956397,-71.4547891,400721,409697,-162,-809,-424,-665,650,165,660,995,876.1386257,
"Canton-Massillon, OH",40.7989473,-81.378447,404422,399927,-309,-889,105,74,145,-1154,-1356,-1295,969.8794002,3939062.4
"Salem, OR",44.9428975,-123.0350963,390738,424982,135,-72,298,415,2208,4514,6892,5756,1923.11266,
"Anchorage, AK",61.2180556,-149.9002778,380821,400888,1169,817,284,817,-2666,-3309,-1255,-4321,26312.58105,
"Salisbury, MD-DE",38.3606736,-75.5993692,373802,405853,801,3126,2731,3309,4233,5211,5698,6177,#N/A,
"Davenport-Moline-Rock Island, IA-IL",41.5236437,-90.5776367,379690,382263,-345,-319,654,378,-984,-1473,-1901,-1549,2269.912669,
"Gulfport-Biloxi-Pascagoula, MS",30.3674198,-89.0928155,370702,394232,307,2682,1516,2180,2405,1496,1652,2302,#N/A,
"Peoria, IL",40.6936488,-89.5889864,379186,372427,-555,-379,-542,228,-3464,-3028,-2596,-4079,2470.851053,
"Fayetteville, NC",35.0526641,-78.8783585,366383,386662,6464,1285,-3803,-23,-4309,-3545,-1448,-3362,1043.058817,4408915
"Montgomery, AL",32.3668052,-86.2999689,374536,373903,273,-1245,-2392,-2112,-2030,-1322,-834,-655,2713.078322,
"Tallahassee, FL",30.4382559,-84.2807329,367413,382627,99,260,2452,-3392,893,1047,-212,2336,2387.697454,4372244.8
"Trenton, NJ",40.2170534,-74.7429384,366513,374733,82,-1228,877,512,-741,-1083,-673,-43,#N/A,
"Savannah, GA",32.0835407,-81.0998342,347611,387543,550,4941,3705,1061,4238,4358,2982,1655,1340.102722,
"Huntington-Ashland, WV-KY-OH",38.4192496,-82.445154,364908,356474,137,20,-245,-789,-1031,-1411,-1648,-1957,1744.630543,11581708.5
"Hickory-Lenoir-Morganton, NC",35.7344538,-81.3444573,365497,366534,-268,-1056,-1053,55,-598,670,1675,2273,1637.380643,14045718
"Eugene, OR",44.0520691,-123.0867536,351715,374748,-11,1236,1050,468,2300,3951,6554,6240,#N/A,
"Ann Arbor, MI",42.2808256,-83.7430378,344791,367627,26,1863,544,1902,2381,1742,1490,1564,705.9654508,
"Rockford, IL",42.2711311,-89.0939952,349431,338291,-666,-2810,-3139,-2075,-3175,-2512,-2030,-2382,794.0815062,
"Naples-Immokalee-Marco Island, FL",26.1420358,-81.7948103,321520,372880,1071,4626,4668,6675,8336,8789,8929,7060,#N/A,3131320.5
"Ocala, FL",29.1871986,-82.1400923,331298,354353,316,1962,2728,2676,4380,5662,6870,7606,1584.546214,
"Kalamazoo-Portage, MI",42.2917069,-85.5872286,326589,338338,-84,294,551,577,296,-374,578,1015,1169.132759,
"Spartanburg, SC",34.9495672,-81.9320482,313268,334391,106,345,1015,1527,2045,2916,3633,5049,807.925985,
"South Bend-Mishawaka, IN-MI",41.6763545,-86.2519898,319224,321815,-474,-1156,-1660,-620,-37,-377,275,29,947.9119085,
"Columbus, GA-AL",32.4609764,-84.9877094,294865,303811,330,4049,5256,3602,-4852,-4353,-5230,-4148,1936.133713,
"Fort Collins, CO",40.5852602,-105.084423,299630,343976,443,3110,3888,3893,6161,7842,4430,4138,#N/A,
"Evansville, IN-KY",37.9715592,-87.5710898,311552,315669,102,154,9,483,131,-38,-161,-451,2283.95935,
"Lincoln, NE",40.809722,-96.675278,302157,331519,200,1688,1695,1856,3182,1704,2225,1909,1408.976019,
"Green Bay, WI",44.519159,-88.019826,306241,320050,36,347,393,-200,377,348,309,1162,1870.214159,
"Roanoke, VA",37.2709704,-79.9414266,308707,314128,-3,720,1350,1484,903,543,-310,1050,1868.678381,
"Boulder, CO",40.0149856,-105.2705456,294567,322514,872,3068,3103,3410,1561,4343,2155,359,726.2892488,3942823.3
"Kingsport-Bristol-Bristol, TN-VA",36.548434,-82.5618186,309544,306659,76,294,452,154,390,144,736,1642,2009.856178,
"Lubbock, TX",33.5778631,-101.8551665,290805,316983,742,1338,919,1663,2917,2124,2036,1194,1795.79698,3656252.6
"Utica-Rome, NY",43.100903,-75.232664,299397,293572,-102,-653,-752,-529,-1241,-1770,-845,-108,2623.898351,1254495
"Erie, PA",42.1292241,-80.085059,280566,274541,-52,57,-154,-1058,-1620,-1451,-2167,-2066,799.154083,3217456.8
"Fort Smith, AR-OK",35.3859242,-94.3985475,280467,282086,9,18,-751,-1443,-984,-39,235,599,3996.347955,
"Duluth, MN-WI",46.7866719,-92.1004852,279771,278782,-97,125,-460,175,271,-398,-93,-56,8412.918402,
"San Luis Obispo-Paso Robles-Arroyo Grande, CA",35.2827524,-120.6596156,269637,283405,71,979,2836,1256,2188,1652,1575,848,#N/A,
"Atlantic City-Hammonton, NJ",39.3642834,-74.4229266,274549,269918,-26,-514,-296,-359,-1806,-2174,-2354,-1021,555.7044508,127875.5
"Norwich-New London, CT",41.5242649,-72.0759105,274055,269033,-135,-1380,562,-1206,-1884,-1886,-1122,-314,664.8779651,1151056.5
"Clarksville, TN-KY",36.5297706,-87.3594528,260625,285042,254,-340,6423,-5292,1320,75,-2154,1139,2157.443606,800945.8
"Kennewick-Richland, WA",46.2112458,-119.1372338,253340,290296,1404,5243,1946,235,792,2112,2266,3970,#N/A,4122433.7
"Gainesville, FL",29.6516344,-82.3248262,264275,284687,-43,1174,399,4,2135,2898,3949,2227,1224.696827,10874587.2
"Greeley, CO",40.4233142,-104.7091322,252825,304633,717,2008,2847,3734,3398,6344,7302,7622,3987.238071,546048.4
"Santa Cruz-Watsonville, CA",36.9741171,-122.0307963,262382,275897,449,380,247,1358,1001,1511,-53,-174,445.1704097,5590424.5
"Wilmington, NC",34.2257255,-77.9447102,254884,288156,535,2810,2890,4341,3551,4567,4554,5598,1908.30244,1544744.4
"Merced, CA",37.3021632,-120.4829677,255793,272673,341,18,-926,-1282,13,-290,-907,1435,1934.972186,938415.4
"Laredo, TX",27.5305671,-99.4803241,250304,274794,16,-35,214,-260,-1028,-1458,-1352,-1508,3361.482374,3269439.2
"Cedar Rapids, IA",41.9778795,-91.6656232,257940,270293,43,1311,-183,-360,438,837,798,1215,2008.765704,
"Olympia-Tumwater, WA",47.0378741,-122.9006951,252264,280588,417,2179,1033,2309,2045,2179,4900,5731,#N/A,5345853
"Waco, TX",31.549333,-97.1466695,252772,268696,554,469,-282,525,98,877,796,2427,1037.101317,1032930
"Hagerstown-Martinsburg, MD-WV",39.6417629,-77.7199932,251599,265498,559,1248,796,767,1005,987,1843,1872,1007.994657,2415171.2
"Amarillo, TX",35.2219971,-101.8312969,251933,264925,399,1681,268,-506,157,-625,263,542,3649.242888,3937050
"Lynchburg, VA",37.4137536,-79.1422464,252634,261254,272,844,1001,972,826,1106,733,916,2120.321291,
"Bremerton-Silverdale, WA",47.5673202,-122.6329356,251133,266414,281,1640,-1053,-2778,140,4886,3027,2471,394.9412708,2354413.6
"Crestview-Fort Walton Beach-Destin, FL",30.7541808,-86.5727995,235865,271346,-261,1578,6835,3762,2519,3665,3406,4844,930.2470815,
"Binghamton, NY",42.0986867,-75.9179738,251725,242217,-290,-1166,-1368,-753,-981,-1807,-1884,-1221,1224.367796,
"Yakima, WA",46.6020711,-120.5058987,243231,250193,302,-715,-1932,-1798,-1950,-1201,-577,-1045,4295.395701,
"Sioux Falls, SD",43.5445959,-96.7311034,228261,259094,307,1186,2510,3110,2173,1719,1704,2586,2575.686845,
"College Station-Bryan, TX",30.627977,-96.3344068,228660,258044,363,178,957,1954,2946,5700,2166,1892,2100.154879,12645469
"Tuscaloosa, AL",33.2098407,-87.5691735,230162,242799,45,288,961,1316,1930,1415,351,662,2612.807428,
"Champaign-Urbana, IL",40.1164204,-88.2433829,231891,239124,126,31,-169,251,104,94,-116,-1004,1921.083542,
"Topeka, KS",39.0558235,-95.6890185,233870,233149,96,-507,-941,-1295,-827,-590,-865,-280,3232.627239,
"Macon-Bibb County, GA",32.8406946,-83.6324022,232293,228914,-227,-319,-857,-2102,-1487,-1234,-1143,-508,#N/A,2816132.1
"Appleton, WI",44.2619309,-88.4153847,225666,236126,-90,213,-151,65,542,458,97,686,955.7593031,303196.8
"Charleston, WV",38.3498195,-81.6326234,227078,214406,-69,-648,-14,-760,-1519,-1951,-2031,-2780,2527.740548,
"Charlottesville, VA",38.0293059,-78.4766781,218705,233793,155,1216,953,791,1484,2025,1813,2134,1644.043653,1509480
"Fargo, ND-MN",46.8771863,-96.7898034,208777,241356,213,1690,2344,4647,2600,3086,2515,1902,2810.303246,
"Chico, CA",39.7284944,-121.8374777,220000,229294,-130,-185,828,793,1535,1045,1641,2662,1636.464431,
"Longview, TX",32.5007037,-94.7404891,214369,217481,43,514,-247,-1212,-541,58,-508,-439,1780.276194,
"Tyler, TX",32.3512601,-95.3010624,209714,227727,394,1219,1044,697,1928,1829,1879,1330,921.4543318,
"Prescott, AZ",34.5400242,-112.4685025,211033,228168,161,694,1780,3201,4158,3938,4858,4792,8123.49902,2756702
"Barnstable Town, MA",41.7003208,-70.3002024,215888,213444,289,704,578,1140,1057,1038,968,1330,393.7232149,
"Burlington-South Burlington, VT",44.4758825,-73.212072,211261,218395,27,542,228,499,519,79,-73,303,1252.095704,1748777.4
"Las Cruces, NM",32.3199396,-106.7636538,209233,215579,510,816,-445,-2270,-1651,-1493,-634,390,3807.511293,
"Rochester, MN",44.0234,-92.46295,206877,218280,-136,-196,-220,681,-274,-167,945,846,1615.607298,
"Springfield, IL",39.7817213,-89.6501481,210170,208697,181,612,-112,-843,-503,-824,-1147,-1404,1182.739384,5455874
"Houma-Thibodaux, LA",29.5957696,-90.7195348,208178,210512,-229,-726,-781,224,519,-211,-1692,-2227,#N/A,
"Lafayette-West Lafayette, IN",40.4167022,-86.8752869,201789,219239,-69,1298,1738,1639,987,1083,1315,648,#N/A,5919710.4
"Medford, OR",42.3265152,-122.8755949,203206,217479,120,1058,1125,1360,1931,2671,2826,2687,2783.548097,
"Bellingham, WA",48.74908,-122.4781473,201140,221404,149,1082,674,641,1254,2741,3881,4371,2106.856719,
"Florence, SC",34.1954331,-79.7625625,205566,205831,-8,-168,-81,-198,195,-490,-627,-80,1361.117612,
"Lake Havasu City-Kingman, AZ",34.483901,-114.3224548,200186,207200,211,2708,1218,668,1029,2192,2196,3171,13311.08365,
"Lake Charles, LA",30.2265949,-93.2173758,199607,209357,227,-233,-257,286,367,1235,1245,966,2348.546177,
"Yuma, AZ",32.6926512,-114.6276916,195751,207534,847,3433,-2343,-2065,-563,-1082,405,666,5513.992482,
"Johnson City, TN",36.3134397,-82.3534727,198716,202053,221,558,941,411,-132,741,1465,1041,853.8327598,
"Elkhart-Goshen, IN",41.6819935,-85.9766671,197559,205032,-552,-605,-611,-66,-81,300,-798,-636,463.1703467,
"Hilton Head Island-Bluffton-Beaufort, SC",32.216316,-80.752608,187010,215302,588,562,3143,3437,3708,4716,3539,3239,#N/A,
"Athens-Clarke County, GA",33.95,-83.383333,192541,209271,581,81,649,673,76,3345,1762,3024,1024.812546,
"Saginaw, MI",43.4194699,-83.9508068,200169,191934,-365,-1267,-952,-1890,-1908,-2049,-930,-422,#N/A,
"Daphne-Fairhope-Foley, AL",30.6035255,-87.9036047,182265,212628,813,3010,3238,4351,4013,3598,4374,4866,1589.78405,2368142.7
"Racine, WI",42.7261309,-87.7828523,195408,196071,-160,-1348,-1014,-485,-553,-678,-377,372,332.5008961,2312894.7
"St. Cloud, MN",45.5579451,-94.1632404,189093,197759,-199,-442,-632,-177,134,758,-69,460,1751.433588,
"Bloomington, IL",40.4842027,-88.9936873,186133,188232,55,-114,640,1067,-2144,-1961,-969,-1506,#N/A,
"Panama City, FL",30.1588129,-85.6602058,184715,199723,194,-204,1568,2514,3288,2504,1536,276,#N/A,
"Gainesville, GA",34.2978794,-83.8240663,179684,199335,-43,1002,670,1227,1635,1874,2551,1929,392.7818067,
"Warner Robins, GA",32.608611,-83.638056,179605,191779,528,1868,765,-107,140,-453,1248,918,375.5406438,
"Jacksonville, NC",34.7540524,-77.4302414,177772,193893,7170,-5591,2432,-2029,-3868,-1996,-3795,-1114,762.7436544,3649720
"Kingston, NY",41.9270367,-73.9973608,182493,179417,-77,-57,-856,-708,-121,-623,-233,56,1124.235139,
"Blacksburg-Christiansburg-Radford, VA",37.2295733,-80.4139393,178237,182993,133,279,408,1135,386,18,1026,226,1072.524273,
"Redding, CA",40.5865396,-122.3916754,177223,179921,17,284,302,521,543,-384,403,1259,3775.402421,
"Monroe, LA",32.5093109,-92.1193012,176441,178445,53,-295,-534,40,-339,-290,-557,-1710,1487.394566,
"El Centro, CA",32.792,-115.5630514,174528,182830,-273,-773,-992,-2075,-582,-1331,-973,-220,4176.603337,
"Joplin, MO",37.0842271,-94.513281,175518,178507,143,130,-3132,185,109,313,209,415,1263.252246,
"Greenville, NC",35.612661,-77.3663538,168148,179042,331,1010,1235,493,-311,308,575,621,917.9020806,
"Terre Haute, IN",39.4667034,-87.4139092,172425,169965,-103,31,-186,-660,-1056,-601,-207,-364,1464.87447,
"Muskegon, MI",43.2341813,-86.2483921,172188,173693,-464,-2489,-359,1657,-440,-107,341,247,#N/A,
"Columbia, MO",38.9517053,-92.3340724,162642,178271,323,1703,1475,1163,669,696,1026,701,1149.262375,
"Oshkosh-Neenah, WI",44.0247062,-88.5426136,166994,170414,-54,31,564,284,-386,-493,-88,430,434.487049,
"Waterloo-Cedar Falls, IA",42.492786,-92.3425775,167819,169892,-3,-115,-144,388,-55,-176,-1310,-531,1503.103477,
"Dover, DE",39.158168,-75.5243682,162310,176824,375,1324,1481,1025,1718,980,797,1567,586.1788225,
"Sioux City, IA-NE-SD",42.4999942,-96.4003069,168563,168618,17,-846,-1316,-948,-980,-657,-550,-1396,2073.862065,
"Yuba City, CA",39.1404477,-121.6169108,166892,173679,-70,-1365,-1198,-436,-395,14,436,1328,1234.248882,
"Abilene, TX",32.4487364,-99.7331439,165252,170219,206,275,55,-742,-50,634,-402,-167,2743.478078,
"East Stroudsburg, PA",40.9995386,-75.1812913,169842,168046,23,-100,-1269,-1256,-132,-734,-198,1650,608.2855114,
"Bend-Redmond, OR",44.0581728,-121.3153096,157733,186875,-28,1359,1372,3503,3716,4299,6059,5772,#N/A,
"Billings, MT",45.7832856,-108.5006904,158934,170498,237,714,1280,1705,966,590,967,1039,4682.081792,
"Punta Gorda, FL",26.9297836,-82.0453664,159978,182033,251,1286,4053,3277,4781,5901,6887,5465,680.2786662,
"Eau Claire, WI",44.811349,-91.4984941,161151,167484,63,574,331,414,-293,62,547,476,1646.355804,3481706.1
"Bowling Green, KY",36.9685219,-86.4808043,158599,174835,405,1045,801,1341,1330,2201,1984,2279,844.4835517,
"Bloomington, IN",39.165325,-86.5263857,159549,167825,402,1118,590,43,930,220,1117,757,1322.292158,7222842
"Pueblo, CO",38.2544472,-104.6091409,159063,166475,302,502,282,112,87,1486,1655,1498,2386.10407,
"Iowa City, IA",41.6611277,-91.5301683,152586,171491,118,1313,1974,1699,1362,1323,972,1614,1182.874952,
"Janesville-Beloit, WI",42.6827885,-89.0187222,160331,162309,-249,-942,-298,-23,95,-409,-74,389,#N/A,
"Jackson, MI",42.245869,-84.4013462,160248,158640,-188,-827,90,-479,-375,-324,-1025,323,701.6658459,
"Kahului-Wailuku-Lahaina, HI",20.8893351,-156.4729469,154924,166348,-63,865,932,1399,1493,252,385,319,#N/A,
"Vineland-Bridgeton, NJ",39.4863773,-75.0259637,156898,152538,-92,-424,-581,-1294,-577,-1708,-1919,-1881,#N/A,
"Midland, TX",31.9973456,-102.0779146,141671,170675,-199,1965,5554,3636,2586,3686,-493,-413,900.2994744,7454670
"Albany, GA",31.5785074,-84.155741,157308,151434,-41,-810,-1315,-2136,-1393,-2213,-1660,-1396,1932.557111,
"State College, PA",40.7933949,-77.8600012,153990,162660,87,469,478,2016,1038,570,1243,349,1109.92133,
"Niles-Benton Harbor, MI",41.8297694,-86.2541768,156813,154259,-132,-266,-514,-759,-322,-824,-677,27,567.7469834,
"Alexandria, LA",31.3112936,-92.4451371,153922,153984,72,-277,-365,-62,-582,-778,-332,-798,1960.987961,
"Burlington, NC",36.0956918,-79.4377991,151131,162391,205,1062,429,749,1108,1546,1769,2841,423.9432241,
"Decatur, AL",34.6059253,-86.9833417,153829,151867,37,-73,-325,-909,-374,-575,-319,-264,1270.014721,
"Bangor, ME",44.8011821,-68.7778138,153923,151957,-111,-125,-322,-142,-102,-859,-232,638,3397.361629,
"Madera, CA",36.9613356,-120.0607176,150865,156890,-48,-585,-1336,-1343,1054,-925,-634,752,#N/A,
"Chambersburg-Waynesboro, PA",39.9375911,-77.6611022,149618,154234,110,539,59,150,249,235,393,456,#N/A,
"Elizabethtown-Fort Knox, KY",37.7030646,-85.8649408,148338,150430,1245,476,-589,-168,-1340,-4241,352,963,#N/A,2794651.8
"Wichita Falls, TX",33.9137085,-98.4933873,151306,151230,-25,-1868,280,-28,8,-2234,37,615,2619.607014,
"Hanford-Corcoran, CA",36.3274502,-119.6456844,152982,150101,-1032,-2250,-2402,-2304,-2348,-924,-2121,-1061,1389.420456,
"Auburn-Opelika, AL",32.6098566,-85.4807825,140247,161604,329,2444,3354,2308,2028,1702,1307,1716,607.5359145,
"Rocky Mount, NC",35.9382103,-77.7905339,152392,146738,-41,-791,-1161,-1160,-967,-1420,-298,-500,1045.742745,
"Jefferson City, MO",38.5767017,-92.1735164,149807,151465,28,-172,-521,-263,-432,-287,63,-386,2247.696076,
"Monroe, MI",41.9164343,-83.3977101,152021,149649,-175,-792,-880,-783,-347,-510,-214,348,549.3941516,
"Texarkana, TX-AR",33.425125,-94.0476882,149198,150355,37,-89,-349,-384,-606,-94,116,-196,#N/A,
"Odessa, TX",31.8456816,-102.3676431,137130,157087,-433,1345,3290,3453,2943,3251,-3943,-2078,897.6871835,
"Hattiesburg, MS",31.3271189,-89.2903392,142842,148877,244,1084,468,442,-524,-78,-218,-729,1610.621149,
"St. George, UT",37.0965278,-113.5684164,138115,165662,-15,1541,1810,1876,2949,2484,3672,5496,2426.357548,
"Dothan, AL",31.2232313,-85.3904888,145639,147914,207,386,607,-73,249,112,-299,77,1715.982623,
"Grand Junction, CO",39.0638705,-108.5506486,146723,151616,-447,268,-357,-609,-397,568,1471,1506,3328.97404,
"Santa Fe, NM",35.6869752,-105.937799,144170,148750,187,487,422,249,167,124,626,698,1909.413936,
"Florence-Muscle Shoals, AL",34.79981,-87.677251,147137,147038,97,110,279,325,518,-368,175,667,1260.316752,
"Wheeling, WV-OH",40.0639616,-80.7209149,147950,141254,19,-259,-281,-164,-646,-444,-780,-1206,943.3797184,
"Coeur d'Alene, ID",47.6776832,-116.7804664,138494,157637,227,1504,748,1346,2111,2366,3239,4010,1244.124628,
"Valdosta, GA",30.8327022,-83.2784851,139588,145437,214,913,978,-2128,-412,-970,229,296,1589.2676,
"Dalton, GA",34.7698021,-84.9702228,142227,144440,-169,-743,-731,-1000,-168,23,-130,-297,634.9298854,
"Sebastian-Vero Beach, FL",27.816415,-80.4706078,138028,154383,340,1234,1867,2070,3197,3842,4511,3835,502.8717357,1318355.1
"Rapid City, SD",44.0805434,-103.2310149,134598,146850,154,389,1192,1500,1024,-155,892,1302,6247.537166,
"Johnstown, PA",40.3267407,-78.9219698,143679,133054,-96,-378,-639,-2280,-885,-917,-1087,-788,688.3506259,
"Napa, CA",38.2975381,-122.286865,136484,140973,215,786,592,946,644,358,-50,-808,748.3615129,
"Homosassa Springs, FL",28.8037059,-82.5761369,141236,145647,299,-170,695,1096,1443,3034,4044,4127,581.6962299,1879529.4
"Idaho Falls, ID",43.4916514,-112.0339645,133265,145643,9,-550,-224,-824,-299,172,1514,1753,2959.578116,
"Flagstaff, AZ",35.1982836,-111.651302,134421,140776,-76,-1538,792,-484,-175,580,703,-29,18618.88514,2408680.8
"Springfield, OH",39.9242266,-83.8088171,138333,134557,-127,-531,-520,-389,-254,-440,-834,63,397.4729821,
"Morgantown, WV",39.629526,-79.9558968,129709,138709,462,1538,1591,846,862,393,409,-122,1008.86671,
"La Crosse-Onalaska, WI-MN",43.8013556,-91.2395807,133665,136934,114,-100,852,88,162,-11,-206,229,#N/A,
"Lebanon, PA",40.3409251,-76.4113497,133568,139754,87,545,830,2,560,837,933,1104,361.8327892,
"Wausau, WI",44.9591352,-89.6301221,134063,135732,-121,-199,-440,107,-165,-336,-596,78,1544.983231,
"Battle Creek, MI",42.3211522,-85.1797142,136146,134128,-163,-1114,-604,-253,-198,-672,-130,-272,706.2331169,
"Winchester, VA-WV",39.1856597,-78.1633341,128472,137887,104,790,576,1014,834,333,971,1896,1062.977468,
"Lawton, OK",34.6035669,-98.3959291,130291,127349,923,-670,-745,-2897,-908,-1993,-2794,-557,1069.286629,2007803.2
"Jackson, TN",35.6145169,-88.8139469,130011,129235,-51,-628,-3,-140,-890,-814,-347,-62,842.8527669,
"Logan, UT-ID",41.7369803,-111.8338359,125442,138002,131,-676,-934,-770,-981,6,971,286,1828.457374,
"Pittsfield, MA",42.4500845,-73.2453824,131219,126313,66,-567,-98,-332,-299,-628,-302,-165,926.8249254,2825923.1
"Sierra Vista-Douglas, AZ",31.5455001,-110.2772856,131346,124756,296,602,-1628,-2923,-2783,-1338,-913,-808,6165.690298,
"Harrisonburg, VA",38.4495688,-78.8689155,125228,134442,75,926,1244,188,955,419,1380,696,866.5036969,
"Glens Falls, NY",42.2548097,-74.0270786,128923,126152,100,-188,-391,-510,-345,-392,-278,23,1698.136048,
"St. Joseph, MO-KS",39.7674578,-94.846681,127329,126935,-160,87,0,-337,-598,-648,-212,-341,1655.490855,
"New Bern, NC",35.108493,-77.0441143,126802,124864,425,128,-352,-1710,-753,-1610,-508,-677,1516.203138,
"Carbondale-Marion, IL",37.7272727,-89.2167501,126575,125612,114,12,-1524,1085,-622,-157,-598,-1360,#N/A,
"Farmington, NM",36.7280583,-108.2186856,130044,126926,-88,-1628,-948,-1397,-1351,-1680,-1034,-1507,5513.066613,
"Altoona, PA",40.5186809,-78.3947359,127089,123457,-2,186,-217,-324,-284,-373,-558,-99,525.7998497,
"Jonesboro, AR",35.8422967,-90.704279,121026,131269,115,998,860,1027,476,1044,803,894,1465.595083,
"Hammond, LA",30.5043583,-90.4611995,121097,132497,183,375,273,1043,748,1055,1132,1213,791.2746055,
"Goldsboro, NC",35.3848841,-77.9927651,122623,124172,56,701,-185,-451,-690,-757,-391,-594,553.0869475,
"Beckley, WV",37.7781702,-81.1881557,124898,118543,100,311,-66,-526,-867,-903,-1214,-1338,605.3506796,
"Bismarck, ND",46.8083268,-100.7837392,114778,132142,297,1412,2113,2832,1878,1911,925,-124,3558.923498,
"Sherman-Denison, TX",33.6356618,-96.6088805,120877,131140,131,164,312,427,1046,1838,2487,2672,932.8037454,
"Weirton-Steubenville, WV-OH",40.4189566,-80.5895167,124454,118250,-19,-239,-185,-22,-129,-232,-842,-418,#N/A,
"Mansfield, OH",40.75839,-82.5154471,124475,120589,-302,-1107,-600,-333,-431,-255,-472,-587,495.2685846,
"Staunton-Waynesboro, VA",38.149576,-79.0716958,118502,121999,-133,394,-332,788,383,653,692,1045,1002.013122,
"Watertown-Fort Drum, NY",43.9747838,-75.9107565,116229,114187,135,-26,2271,-3697,-1429,-4034,-3295,-826,1268.589804,
"Mount Vernon-Anacortes, WA",48.421216,-122.3340474,116901,125619,-13,248,-173,277,1205,1286,1688,1960,1731.202982,
"Albany, OR",44.6365107,-123.1059282,116672,125047,89,899,-171,-76,407,1006,2263,2087,#N/A,1908016
"Cleveland, TN",35.1595182,-84.8766115,115788,122317,80,602,898,583,894,997,494,1036,763.4380781,
"Muncie, IN",40.1933767,-85.3863599,117671,115184,-69,119,-894,-219,-361,-588,-376,-286,392.1239311,
"Williamsport, PA",41.2411897,-77.0010786,116111,113841,35,560,430,-688,-309,-713,-711,-714,1228.594417,
"Anniston-Oxford-Jacksonville, AL",33.6598257,-85.8316318,118572,114728,-115,-746,-560,-630,-459,-359,-416,-165,#N/A,
"San Angelo, TX",31.4637723,-100.4370375,111823,119535,254,545,996,888,1130,493,-438,-413,2573.534809,
"Owensboro, KY",37.7719074,-87.1111676,114752,118376,-3,126,288,69,-200,593,104,100,898.4729115,
"Morristown, TN",36.2139814,-83.2948922,113951,118081,48,408,162,213,301,1022,617,1310,715.8570379,2973657.6
"Sheboygan, WI",43.7508284,-87.71453,115507,115344,-131,-607,-618,-197,168,102,-268,45,511.2654379,
"Lawrence, KS",38.9716689,-95.2352501,110826,120793,225,546,156,845,1209,973,1001,638,455.8707836,
"Brunswick, GA",31.1499528,-81.4914894,112370,118119,81,164,154,269,672,1143,782,1089,1286.414362,
"Wenatchee, WA",47.4234599,-120.3103494,110884,118478,199,113,361,8,373,1183,1197,744,#N/A,1326421.2
"Kankakee, IL",41.1200325,-87.8611531,113449,109605,-95,-265,-895,-1016,-1117,-862,-855,-616,#N/A,
"Missoula, MT",46.8625,-114.011667,109299,117441,30,351,390,184,485,931,1748,1174,2593.423635,
"Michigan City-La Porte, IN",41.7075394,-86.8950297,111467,110029,-116,-324,-154,-26,114,-953,-763,-307,598.2992091,1473460.6
"California-Lexington Park, MD",38.3004029,-76.5074542,105151,112667,429,971,563,-180,118,365,161,239,#N/A,
"Decatur, IL",39.8403147,-88.9548001,110768,105801,-97,-338,-677,-789,-1106,-1165,-909,-1009,580.6886657,
"Sumter, SC",33.9204354,-80.3414693,107456,106847,-44,-761,44,-596,-567,-773,-342,-829,665.0658119,
"Lewiston-Auburn, ME",44.100351,-70.2147764,107702,107651,-128,-620,-188,-461,-218,-324,6,188,467.927434,
"The Villages, FL",28.927019,-82.0037608,93420,125165,977,4354,4476,6072,6165,5851,6266,4388,546.9325487,
"Bay City, MI",43.5944677,-83.8888647,107771,104239,-74,-285,-323,-55,-675,-526,-612,-94,442.3023381,
"Lima, OH",40.742551,-84.1052256,106331,103198,-70,-638,-906,-356,-433,-898,-607,-596,402.4956459,
"Gadsden, AL",34.014264,-86.0066386,104430,102755,72,14,169,-177,-302,-200,5,286,534.9905073,
"Ithaca, NY",42.4439614,-76.5018807,101564,104802,41,57,800,845,-45,-168,111,50,474.6487192,
"Longview, WA",46.1381676,-122.9381672,102410,106910,-41,-377,-805,-249,305,1147,1635,2000,1140.125216,
"Fond du Lac, WI",43.7730448,-88.4470508,101633,102548,-97,84,-227,-187,50,-169,114,184,719.5528029,
"Gettysburg, PA",39.8309293,-77.2310955,101407,102336,-11,-131,-229,-165,128,448,68,640,518.6675402,
"Cumberland, MD-WV",39.6528654,-78.7625185,103299,98837,-76,-299,-538,-299,-491,-331,-97,-425,751.9875382,
"Grand Forks, ND-MN",47.9252568,-97.0328547,98461,102414,-16,-1039,409,1142,-28,-137,-239,-464,3407.504432,
"Fairbanks, AK",64.8377778,-147.7163889,97581,99703,299,-1502,1028,-687,-2929,-877,-233,-2110,7338.209441,
"Mankato-North Mankato, MN",44.1635775,-93.9993996,96740,100939,-55,-35,198,-651,445,89,401,650,1196.337306,
"Manhattan, KS",39.1836082,-96.5716694,92719,98080,279,1059,3257,-1350,-1295,-89,-2477,-828,1835.411095,
"Sebring, FL",27.495592,-81.440907,98786,102883,66,310,321,486,943,1907,2255,1926,1016.614791,
"Victoria, TX",28.8052674,-97.0035982,94003,99646,-63,104,1182,577,487,568,-184,-743,2240.997415,
"Cape Girardeau, MO-IL",37.3058839,-89.5181476,96275,96782,83,370,-19,-182,51,-264,-280,-412,#N/A,
"Hot Springs, AR",34.5037004,-93.0551795,96024,98658,136,936,414,960,338,317,701,602,677.7810855,
"Ocean City, NJ",39.2776156,-74.5746001,97265,93553,87,-273,132,-183,-184,-338,-72,50,251.4248811,
"Rome, GA",34.257038,-85.1646726,96317,97613,-2,-525,-341,-218,-60,167,247,855,509.910615,
"Pine Bluff, AR",34.2284312,-92.0031955,100258,90963,-233,-1319,-1758,-1702,-1027,-895,-1612,-1455,2030.045642,
"Cheyenne, WY",41.1399814,-104.8202462,91738,98327,204,-139,1569,525,-96,430,438,-107,2685.911871,
"Dubuque, IA",42.5005583,-90.6645718,93653,97041,133,381,240,510,192,135,-457,-14,608.3046281,
"Parkersburg-Vienna, WV",39.2667418,-81.5615135,92673,90898,54,-10,-131,2,-78,33,-543,-469,#N/A,
"Ames, IA",42.034722,-93.62,89542,97502,-95,673,472,1241,1422,659,92,306,572.8184327,
"Elmira, NY",42.0897965,-76.8077338,88830,85557,91,-46,95,-932,-1016,-385,-946,-488,407.3515696,
"Corvallis, OR",44.5645659,-123.2620435,85579,90951,-137,208,238,-622,859,1011,1005,1474,675.9414476,
"Bloomsburg-Berwick, PA",41.003698,-76.4549457,85562,84204,55,-191,121,150,42,-399,-417,-30,613.3504719,
"Grand Island, NE",40.9263957,-98.3420118,81850,85045,88,241,288,111,17,-320,-165,-445,1600.506793,
"Midland, MI",43.6155825,-84.2472116,83629,83411,-61,-57,-278,-186,-317,19,-269,-109,516.2525378,
"Grants Pass, OR",42.4390069,-123.3283925,82713,86352,173,244,448,738,561,1373,1265,1317,1639.667774,
"Pocatello, ID",42.8713032,-112.4455344,82839,85269,-45,-179,-500,-987,-448,-114,-161,344,2516.231501,
"Kokomo, IN",40.486427,-86.1336033,82752,82363,-49,-99,-48,-158,-144,-154,-4,1,553.5974333,
"Great Falls, MT",47.4941836,-111.2833449,81327,81654,89,-183,-470,141,-479,-535,-566,-123,2698.157898,
"Casper, WY",42.866632,-106.313081,75450,79547,-59,588,1727,2043,-163,263,-1659,-1727,5340.351682,
"Hinesville, GA",31.846877,-81.5959453,77917,80400,-979,1915,-1476,-2921,1036,-3271,-650,-825,#N/A,
"Danville, IL",40.124481,-87.6300207,81625,77909,-91,-303,-727,-345,-843,-595,-741,-772,898.3684747,
"Columbus, IN",39.2014404,-85.9213796,76794,82040,-14,507,960,300,473,598,234,-241,406.9078112,
"Walla Walla, WA",46.0645809,-118.3430209,62859,64614,127,282,-269,-40,-9,360,67,574,1270.129018,
"Lewiston, ID-WA",46.4004089,-117.0011889,60888,62920,104,353,50,548,129,75,389,528,1484.304753,
"Carson City, NV",39.1637984,-119.7674034,55274,54745,-258,-233,-229,-457,444,41,394,545,144.6620544,
